ONS,,,,,,,,,,,,,,,,,,,,,,,,,,,,,,,,,,,,,,,,,,,,,
E06000052,TR11,TR4,TR2,PL30,PL12,TR12,TR18,PL15,PL17,PL14,PL25,TR20,PL28,TR26,TR14,TR19,PL13,TR1,TR9,TR3,PL27,TR15,PL23,TR13,PL24,TR10,PL31,TR8,TR16,EX23,PL11,PL18,PL34,TR6,TR27,TR7,PL26,TR5,PL35,PL22,PL10,TR17,PL32,PL33,PL29
E07000026,CA7,CA12,CA13,CA15,CA14,CA95,,,,,,,,,,,,,,,,,,,,,,,,,,,,,,,,,,,,,,,
E07000188,BS27,TA8,BS26,TA9,BS28,TA6,TA5,BS25,TA7,,,,,,,,,,,,,,,,,,,,,,,,,,,,,,,,,,,,
E07000071,CO4,CO5,CO2,CO1,CO3,,,,,,,,,,,,,,,,,,,,,,,,,,,,,,,,,,,,,,,,
E09000025,E13,E16,E15,E6,E7,E20,E12,,,,,,,,,,,,,,,,,,,,,,,,,,,,,,,,,,,,,,
E07000042,EX17,EX16,EX18,,,,,,,,,,,,,,,,,,,,,,,,,,,,,,,,,,,,,,,,,,
E09000024,SW20,SW19,SM4,CR4,,,,,,,,,,,,,,,,,,,,,,,,,,,,,,,,,,,,,,,,,
E07000202,IP4,IP1,IP2,IP3,,,,,,,,,,,,,,,,,,,,,,,,,,,,,,,,,,,,,,,,,
E07000109,DA13,ME3,DA12,,,,,,,,,,,,,,,,,,,,,,,,,,,,,,,,,,,,,,,,,,
E07000187,BA5,BA4,BA3,BA11,BA6,BA16,BA2,,,,,,,,,,,,,,,,,,,,,,,,,,,,,,,,,,,,,,
E07000087,SO31,PO16,PO14,PO15,,,,,,,,,,,,,,,,,,,,,,,,,,,,,,,,,,,,,,,,,
E09000004,DA16,DA7,DA14,DA15,DA5,DA8,DA6,DA17,SE9,DA18,,,,,,,,,,,,,,,,,,,,,,,,,,,,,,,,,,,
E07000033,S80,S44,,,,,,,,,,,,,,,,,,,,,,,,,,,,,,,,,,,,,,,,,,,
E09000023,SE13,SE12,SE10,SE6,SE14,SE3,SE23,SE4,SE26,,,,,,,,,,,,,,,,,,,,,,,,,,,,,,,,,,,,
E06000032,LU1,LU4,LU2,LU3,,,,,,,,,,,,,,,,,,,,,,,,,,,,,,,,,,,,,,,,,
E09000015,HA2,HA7,HA1,HA5,,,,,,,,,,,,,,,,,,,,,,,,,,,,,,,,,,,,,,,,,
E07000073,CM18,CM17,CM20,CM19,CM92,,,,,,,,,,,,,,,,,,,,,,,,,,,,,,,,,,,,,,,,
E07000200,CO6,CO10,IP7,IP29,IP30,CO7,IP8,IP9,CO11,,,,,,,,,,,,,,,,,,,,,,,,,,,,,,,,,,,,
E09000003,HA8,NW9,EN5,N20,N14,NW4,N11,NW7,N12,N2,N3,N10,NW11,,,,,,,,,,,,,,,,,,,,,,,,,,,,,,,,
E07000216,GU26,GU6,GU9,GU8,GU27,GU7,,,,,,,,,,,,,,,,,,,,,,,,,,,,,,,,,,,,,,,
E09000009,W5,W7,UB6,W13,UB5,W12,W3,UB2,W4,UB1,UB18,,,,,,,,,,,,,,,,,,,,,,,,,,,,,,,,,,
E07000210,RH4,RH5,KT22,RH3,KT21,KT23,,,,,,,,,,,,,,,,,,,,,,,,,,,,,,,,,,,,,,,
E07000103,WD17,WD18,WD19,WD24,WD25,WD99,,,,,,,,,,,,,,,,,,,,,,,,,,,,,,,,,,,,,,,
E07000217,GU22,GU20,GU21,KT14,KT15,GU24,,,,,,,,,,,,,,,,,,,,,,,,,,,,,,,,,,,,,,,
E07000041,EX4,EX2,EX1,EX3,,,,,,,,,,,,,,,,,,,,,,,,,,,,,,,,,,,,,,,,,
E09000005,HA9,HA3,NW2,NW10,HA0,NW26,,,,,,,,,,,,,,,,,,,,,,,,,,,,,,,,,,,,,,,
E07000224,BN16,BN12,PO21,PO20,BN17,PO22,,,,,,,,,,,,,,,,,,,,,,,,,,,,,,,,,,,,,,,
E08000002,M25,BL9,BL8,M45,BL0,M26,,,,,,,,,,,,,,,,,,,,,,,,,,,,,,,,,,,,,,,
E07000189,TA10,TA18,TA15,TA19,BA8,TA20,BA21,BA22,TA13,TA14,BA20,BA10,TA11,BA9,TA12,BA7,TA17,TA16,,,,,,,,,,,,,,,,,,,,,,,,,,,
E07000213,TW15,TW18,TW16,TW17,,,,,,,,,,,,,,,,,,,,,,,,,,,,,,,,,,,,,,,,,
E08000015,CH60,CH45,CH49,CH43,CH44,CH41,CH62,CH63,CH47,CH42,CH27,CH48,CH46,CH61,CH25,CH32,CH31,CH28,CH26,CH29,CH30,,,,,,,,,,,,,,,,,,,,,,,,
E07000028,CA3,CA2,CA6,CA1,CA5,CA8,,,,,,,,,,,,,,,,,,,,,,,,,,,,,,,,,,,,,,,
E07000215,CR3,RH7,RH1,RH8,RH9,CR6,,,,,,,,,,,,,,,,,,,,,,,,,,,,,,,,,,,,,,,
E09000006,BR2,BR6,BR4,BR1,BR5,BR7,TN16,BR3,SE19,SE20,,,,,,,,,,,,,,,,,,,,,,,,,,,,,,,,,,,
E08000014,L20,PR8,PR9,L31,L30,L23,L22,L21,L37,L10,L38,L29,L75,L72,L68,,,,,,,,,,,,,,,,,,,,,,,,,,,,,,
E07000220,CV23,CV21,CV22,CV7,LE10,,,,,,,,,,,,,,,,,,,,,,,,,,,,,,,,,,,,,,,,
E07000089,GU51,RG27,GU52,GU17,RG29,GU46,,,,,,,,,,,,,,,,,,,,,,,,,,,,,,,,,,,,,,,
E07000044,TQ9,TQ8,TQ10,TQ7,TQ6,PL21,PL9,PL8,,,,,,,,,,,,,,,,,,,,,,,,,,,,,,,,,,,,,
E09000008,CR5,CR0,CR9,CR2,CR8,SE25,CR7,CR90,,,,,,,,,,,,,,,,,,,,,,,,,,,,,,,,,,,,,
E09000016,RM1,RM5,RM7,RM3,RM12,RM2,RM11,RM14,RM13,,,,,,,,,,,,,,,,,,,,,,,,,,,,,,,,,,,,
E07000105,TN24,TN23,TN30,CT4,TN25,TN26,TN27,,,,,,,,,,,,,,,,,,,,,,,,,,,,,,,,,,,,,,
E07000088,PO12,PO13,,,,,,,,,,,,,,,,,,,,,,,,,,,,,,,,,,,,,,,,,,,
E07000029,CA25,CA23,CA20,LA18,CA22,CA28,CA26,CA19,CA21,CA27,LA20,LA19,CA24,CA18,,,,,,,,,,,,,,,,,,,,,,,,,,,,,,,
E07000045,EX6,TQ12,TQ13,EX7,TQ14,TQ11,,,,,,,,,,,,,,,,,,,,,,,,,,,,,,,,,,,,,,,
E07000209,GU1,GU3,KT24,GU12,GU5,GU2,GU4,GU23,GU10,,,,,,,,,,,,,,,,,,,,,,,,,,,,,,,,,,,,
E07000227,RH13,RH12,RH11,RH14,BN5,BN18,RH20,BN44,,,,,,,,,,,,,,,,,,,,,,,,,,,,,,,,,,,,,
E09000018,TW8,TW3,TW5,TW13,TW7,TW4,TW14,,,,,,,,,,,,,,,,,,,,,,,,,,,,,,,,,,,,,,
E07000067,CB9,CM77,CO9,CM7,CO8,CM8,,,,,,,,,,,,,,,,,,,,,,,,,,,,,,,,,,,,,,,
E07000070,CM1,CM2,SS11,CM4,CM99,CM98,,,,,,,,,,,,,,,,,,,,,,,,,,,,,,,,,,,,,,,
E07000040,EX5,EX9,EX12,EX10,EX13,EX14,EX11,EX8,EX15,EX24,,,,,,,,,,,,,,,,,,,,,,,,,,,,,,,,,,,
E07000143,IP25,PE37,NR20,NR19,PE32,PE33,NR9,IP24,NR17,,,,,,,,,,,,,,,,,,,,,,,,,,,,,,,,,,,,
E07000171,DN10,DN22,NG22,NG20,DN11,,,,,,,,,,,,,,,,,,,,,,,,,,,,,,,,,,,,,,,,
E06000038,RG1,RG2,RG6,RG30,,,,,,,,,,,,,,,,,,,,,,,,,,,,,,,,,,,,,,,,,
E09000010,EN4,EN1,N18,EN2,N21,EN3,N9,N13,,,,,,,,,,,,,,,,,,,,,,,,,,,,,,,,,,,,,
E07000074,CM0,CM3,CM9,,,,,,,,,,,,,,,,,,,,,,,,,,,,,,,,,,,,,,,,,,
E07000108,CT15,CT13,CT14,CT16,CT17,,,,,,,,,,,,,,,,,,,,,,,,,,,,,,,,,,,,,,,,
E07000092,GU11,GU14,,,,,,,,,,,,,,,,,,,,,,,,,,,,,,,,,,,,,,,,,,,
E07000148,NR1,NR4,NR2,NR3,NR5,NR6,NR99,,,,,,,,,,,,,,,,,,,,,,,,,,,,,,,,,,,,,,
E07000090,PO11,PO9,PO8,PO10,PO7,,,,,,,,,,,,,,,,,,,,,,,,,,,,,,,,,,,,,,,,
E07000008,CB2,CB3,CB4,CB1,CB5,,,,,,,,,,,,,,,,,,,,,,,,,,,,,,,,,,,,,,,,
E09000032,SW1P,SW15,SW11,SW18,SW1V,SW95,SW1X,SW1A,SW17,SW12,,,,,,,,,,,,,,,,,,,,,,,,,,,,,,,,,,,
E07000086,SO30,SO53,SO32,SO50,SO97,,,,,,,,,,,,,,,,,,,,,,,,,,,,,,,,,,,,,,,,
E07000094,PO17,SO22,SO23,SO21,SO25,,,,,,,,,,,,,,,,,,,,,,,,,,,,,,,,,,,,,,,,
E09000026,RM6,IG7,IG8,IG1,IG6,IG2,IG4,E18,IG5,IG9,IG3,,,,,,,,,,,,,,,,,,,,,,,,,,,,,,,,,,
E09000022,SE1,SW9,SW16,SE11,SW4,SW8,SW2,SE21,SE24,SE27,,,,,,,,,,,,,,,,,,,,,,,,,,,,,,,,,,,
E07000212,TW20,KT16,GU25,,,,,,,,,,,,,,,,,,,,,,,,,,,,,,,,,,,,,,,,,,
E07000076,CO15,CO13,CO14,CO16,CO12,,,,,,,,,,,,,,,,,,,,,,,,,,,,,,,,,,,,,,,,
E09000007,NW3,NW6,N6,WC1V,NW1,NW1W,WC1N,WC2B,WC1H,WC1E,WC2H,WC1X,WC2A,W1T,NW5,N1C,WC1A,EC1N,WC1B,WC1R,,,,,,,,,,,,,,,,,,,,,,,,,
E07000114,CT10,CT12,CT9,CT11,CT7,CT8,,,,,,,,,,,,,,,,,,,,,,,,,,,,,,,,,,,,,,,
E08000027,DY3,DY8,WV14,DY6,DY5,B63,B62,DY1,DY2,,,,,,,,,,,,,,,,,,,,,,,,,,,,,,,,,,,,
E07000030,CA10,CA9,CA17,CA4,CA11,CA16,,,,,,,,,,,,,,,,,,,,,,,,,,,,,,,,,,,,,,,
E07000197,ST18,ST17,ST21,ST16,ST15,ST20,TF10,ST11,ST12,,,,,,,,,,,,,,,,,,,,,,,,,,,,,,,,,,,,
E06000027,TQ3,TQ1,TQ2,TQ5,TQ4,,,,,,,,,,,,,,,,,,,,,,,,,,,,,,,,,,,,,,,,
E09000019,N5,N19,N7,N4,N1P,EC1M,EC1V,EC1Y,EC2P,EC2M,EC1P,W1A,EC1R,EC1A,EC4N,EC4P,,,,,,,,,,,,,,,,,,,,,,,,,,,,,
E09000017,UB7,UB8,UB3,HA4,UB4,UB9,HA6,UB10,TW6,UB11,,,,,,,,,,,,,,,,,,,,,,,,,,,,,,,,,,,
E07000226,RH10,RH6,RH77,,,,,,,,,,,,,,,,,,,,,,,,,,,,,,,,,,,,,,,,,,
E08000029,B91,B92,B90,B93,B37,B36,B40,,,,,,,,,,,,,,,,,,,,,,,,,,,,,,,,,,,,,,
E07000229,BN11,BN13,BN99,BN14,,,,,,,,,,,,,,,,,,,,,,,,,,,,,,,,,,,,,,,,,
E07000107,DA1,DA11,DA2,DA9,DA3,DA10,,,,,,,,,,,,,,,,,,,,,,,,,,,,,,,,,,,,,,,
E07000177,OX26,OX15,OX16,OX5,OX25,,,,,,,,,,,,,,,,,,,,,,,,,,,,,,,,,,,,,,,,
E07000138,LN1,LN2,LN6,,,,,,,,,,,,,,,,,,,,,,,,,,,,,,,,,,,,,,,,,,
E07000207,KT10,KT11,KT6,KT12,KT8,KT7,KT13,,,,,,,,,,,,,,,,,,,,,,,,,,,,,,,,,,,,,,
E06000005,DL1,DL3,DL4,DL2,DL98,,,,,,,,,,,,,,,,,,,,,,,,,,,,,,,,,,,,,,,,
E07000225,PO18,GU29,PO19,GU28,,,,,,,,,,,,,,,,,,,,,,,,,,,,,,,,,,,,,,,,,
E09000014,N15,N8,N17,N22,N81,,,,,,,,,,,,,,,,,,,,,,,,,,,,,,,,,,,,,,,,
E07000240,AL4,AL3,AL1,AL5,AL2,,,,,,,,,,,,,,,,,,,,,,,,,,,,,,,,,,,,,,,,
E07000149,NR15,NR16,NR34,NR14,NR18,NR35,IP22,IP20,IP98,,,,,,,,,,,,,,,,,,,,,,,,,,,,,,,,,,,,
E07000079,GL56,OX7,GL54,GL8,GL55,,,,,,,,,,,,,,,,,,,,,,,,,,,,,,,,,,,,,,,,
E07000214,GU15,GU19,GU18,GU16,,,,,,,,,,,,,,,,,,,,,,,,,,,,,,,,,,,,,,,,,
E07000203,IP14,IP6,IP13,IP23,IP21,,,,,,,,,,,,,,,,,,,,,,,,,,,,,,,,,,,,,,,,
E09000030,E14,E3,E1,E1W,E98,,,,,,,,,,,,,,,,,,,,,,,,,,,,,,,,,,,,,,,,
E07000091,BH24,SO41,BH25,SO40,SO45,SO42,SP6,SO43,,,,,,,,,,,,,,,,,,,,,,,,,,,,,,,,,,,,,
E07000126,PR4,PR5,PR25,,,,,,,,,,,,,,,,,,,,,,,,,,,,,,,,,,,,,,,,,,
E09000029,SM2,SM1,SM3,SM7,KT4,SM5,SM6,CR44,,,,,,,,,,,,,,,,,,,,,,,,,,,,,,,,,,,,,
E07000178,OX1,OX4,OX3,,,,,,,,,,,,,,,,,,,,,,,,,,,,,,,,,,,,,,,,,,
E08000006,M5,M50,M30,M27,M38,M6,M44,M7,M28,,,,,,,,,,,,,,,,,,,,,,,,,,,,,,,,,,,,
E07000046,EX39,EX22,EX21,EX19,EX38,,,,,,,,,,,,,,,,,,,,,,,,,,,,,,,,,,,,,,,,
E07000245,IP28,IP31,IP27,IP32,IP33,CB8,,,,,,,,,,,,,,,,,,,,,,,,,,,,,,,,,,,,,,,
E07000043,EX32,EX34,EX31,EX36,EX33,EX37,EX35,,,,,,,,,,,,,,,,,,,,,,,,,,,,,,,,,,,,,,
E07000147,NR25,NR21,NR11,NR28,NR27,NR23,NR12,NR26,NR24,NR22,,,,,,,,,,,,,,,,,,,,,,,,,,,,,,,,,,,
W06000003,LL32,LL16,LL34,LL28,LL21,LL22,LL25,LL30,LL18,LL31,LL29,LL27,LL24,LL26,,,,,,,,,,,,,,,,,,,,,,,,,,,,,,,
E06000054,SN4,SN12,SP9,SP2,SN15,BA13,SN11,SP4,BA12,SN8,SN14,SN6,SN16,SP3,SP1,BA14,SN13,SP5,SN10,SN9,BA15,,,,,,,,,,,,,,,,,,,,,,,,
E07000077,CM22,CB11,CM24,CM6,CB10,,,,,,,,,,,,,,,,,,,,,,,,,,,,,,,,,,,,,,,,
E07000144,NR7,NR13,NR8,NR10,,,,,,,,,,,,,,,,,,,,,,,,,,,,,,,,,,,,,,,,,
E07000082,GL5,GL11,GL2,GL4,GL3,GL10,GL6,GL7,GL13,GL12,,,,,,,,,,,,,,,,,,,,,,,,,,,,,,,,,,,
E08000011,L14,L28,L36,L33,L32,L26,L35,L16,L34,,,,,,,,,,,,,,,,,,,,,,,,,,,,,,,,,,,,
E07000065,BN27,TN21,TN6,BN24,TN7,TN22,RH18,TN20,BN26,TN33,TN5,,,,,,,,,,,,,,,,,,,,,,,,,,,,,,,,,,
E07000111,TN15,TN13,BR8,DA4,TN14,TN8,,,,,,,,,,,,,,,,,,,,,,,,,,,,,,,,,,,,,,,
E07000047,EX20,PL16,PL20,PL19,,,,,,,,,,,,,,,,,,,,,,,,,,,,,,,,,,,,,,,,,
E06000039,SL3,SL2,SL95,,,,,,,,,,,,,,,,,,,,,,,,,,,,,,,,,,,,,,,,,,
E07000061,BN20,BN22,BN21,BN23,,,,,,,,,,,,,,,,,,,,,,,,,,,,,,,,,,,,,,,,,
E07000063,BN8,BN25,RH16,BN7,BN6,BN10,BN9,,,,,,,,,,,,,,,,,,,,,,,,,,,,,,,,,,,,,,
E07000223,BN43,BN15,BN42,BN95,,,,,,,,,,,,,,,,,,,,,,,,,,,,,,,,,,,,,,,,,
E07000118,PR6,PR7,PR26,,,,,,,,,,,,,,,,,,,,,,,,,,,,,,,,,,,,,,,,,,
E08000012,L3,L18,L25,L9,L5,L19,L6,L7,L1,L8,L24,L12,L4,L13,L11,L17,L69,L27,L70,L15,L2,L74,L71,L67,,,,,,,,,,,,,,,,,,,,,
E07000228,RH17,RH19,RH15,BN45,,,,,,,,,,,,,,,,,,,,,,,,,,,,,,,,,,,,,,,,,
E09000028,SE17,SE15,SE22,SE1P,SE16,SE5,,,,,,,,,,,,,,,,,,,,,,,,,,,,,,,,,,,,,,,
E07000234,B60,DY9,B38,B47,B48,B61,,,,,,,,,,,,,,,,,,,,,,,,,,,,,,,,,,,,,,,
E07000246,TA3,TA4,TA24,TA2,TA1,TA21,TA23,TA22,,,,,,,,,,,,,,,,,,,,,,,,,,,,,,,,,,,,,
E07000208,KT19,KT18,KT17,,,,,,,,,,,,,,,,,,,,,,,,,,,,,,,,,,,,,,,,,,
E07000179,OX10,OX11,OX39,RG9,OX33,OX44,RG4,OX49,OX9,,,,,,,,,,,,,,,,,,,,,,,,,,,,,,,,,,,,
E06000055,MK42,MK40,MK44,MK43,MK41,,,,,,,,,,,,,,,,,,,,,,,,,,,,,,,,,,,,,,,,
E07000244,IP18,NR33,IP5,IP12,NR32,IP11,IP17,IP15,IP19,IP16,IP10,,,,,,,,,,,,,,,,,,,,,,,,,,,,,,,,,,
E07000119,FY8,FY4,,,,,,,,,,,,,,,,,,,,,,,,,,,,,,,,,,,,,,,,,,,
E07000122,BB12,BB18,BB9,BB8,BB94,,,,,,,,,,,,,,,,,,,,,,,,,,,,,,,,,,,,,,,,
E07000110,ME14,ME15,ME5,ME7,ME16,ME17,ME99,,,,,,,,,,,,,,,,,,,,,,,,,,,,,,,,,,,,,,
E07000093,SP11,SP10,SO51,SO20,SO52,,,,,,,,,,,,,,,,,,,,,,,,,,,,,,,,,,,,,,,,
E06000059,BH19,DT4,DT6,DT11,BH21,DT1,DT5,DT9,DT8,DT2,DT10,DT3,DT7,BH31,SP8,BH20,BH16,BH22,SP7,,,,,,,,,,,,,,,,,,,,,,,,,,
E08000021,NE6,NE2,NE5,NE15,NE3,NE7,NE13,NE1,NE4,NE99,NE98,,,,,,,,,,,,,,,,,,,,,,,,,,,,,,,,,,
E07000083,WR11,GL20,GL19,,,,,,,,,,,,,,,,,,,,,,,,,,,,,,,,,,,,,,,,,,
E09000033,W2,W1U,W1F,W1G,SW7,W1D,W1S,W1B,W1J,W1K,WC2R,W1H,SW1H,W1W,W9,NW8,SW1E,W1C,SW1Y,WC2N,WC2E,,,,,,,,,,,,,,,,,,,,,,,,
W06000022,NP19,NP20,NP18,NP10,,,,,,,,,,,,,,,,,,,,,,,,,,,,,,,,,,,,,,,,,
E07000085,GU35,GU34,GU32,GU30,GU31,GU33,SO24,,,,,,,,,,,,,,,,,,,,,,,,,,,,,,,,,,,,,,
E07000167,YO17,YO18,YO60,YO62,YO12,,,,,,,,,,,,,,,,,,,,,,,,,,,,,,,,,,,,,,,,
E07000078,GL52,GL53,GL50,GL51,,,,,,,,,,,,,,,,,,,,,,,,,,,,,,,,,,,,,,,,,
E07000120,BB5,BB6,,,,,,,,,,,,,,,,,,,,,,,,,,,,,,,,,,,,,,,,,,,
E06000041,RG40,RG45,RG41,RG10,RG5,,,,,,,,,,,,,,,,,,,,,,,,,,,,,,,,,,,,,,,,
E07000075,SS5,SS4,SS6,,,,,,,,,,,,,,,,,,,,,,,,,,,,,,,,,,,,,,,,,,
E07000037,SK17,SK13,SK22,SK23,,,,,,,,,,,,,,,,,,,,,,,,,,,,,,,,,,,,,,,,,
E09000011,SE18,SE8,SE7,SE28,SE2,,,,,,,,,,,,,,,,,,,,,,,,,,,,,,,,,,,,,,,,
E06000030,SN25,SN2,SN3,SN5,SN26,SN1,SN38,SN99,,,,,,,,,,,,,,,,,,,,,,,,,,,,,,,,,,,,,
E07000243,SG2,SG1,,,,,,,,,,,,,,,,,,,,,,,,,,,,,,,,,,,,,,,,,,,
E06000035,ME8,ME4,ME1,ME2,,,,,,,,,,,,,,,,,,,,,,,,,,,,,,,,,,,,,,,,,
E07000236,B97,B98,B96,,,,,,,,,,,,,,,,,,,,,,,,,,,,,,,,,,,,,,,,,,
E07000117,BB11,BB10,,,,,,,,,,,,,,,,,,,,,,,,,,,,,,,,,,,,,,,,,,,
E06000057,DH8,NE66,TD15,NE24,NE61,NE42,NE65,NE46,NE62,NE22,NE47,NE64,NE20,NE18,NE19,NE45,NE67,NE71,NE69,NE48,NE49,NE43,NE63,NE44,NE70,NE68,TD12,,,,,,,,,,,,,,,,,,
E07000106,CT3,CT5,CT6,CT1,CT2,,,,,,,,,,,,,,,,,,,,,,,,,,,,,,,,,,,,,,,,
E07000113,ME13,ME10,ME12,ME9,ME11,,,,,,,,,,,,,,,,,,,,,,,,,,,,,,,,,,,,,,,,
E07000039,DE11,DE65,,,,,,,,,,,,,,,,,,,,,,,,,,,,,,,,,,,,,,,,,,,
E07000211,RH2,KT20,,,,,,,,,,,,,,,,,,,,,,,,,,,,,,,,,,,,,,,,,,,
E08000005,M24,OL16,OL12,OL11,OL10,OL15,,,,,,,,,,,,,,,,,,,,,,,,,,,,,,,,,,,,,,,
E09000031,E10,E11,E17,E4,,,,,,,,,,,,,,,,,,,,,,,,,,,,,,,,,,,,,,,,,
E08000036,WF1,WF8,WF6,WF5,WF10,WF4,WF2,WF9,WF7,WF90,,,,,,,,,,,,,,,,,,,,,,,,,,,,,,,,,,,
E06000023,BS16,BS3,BS9,BS1,BS15,BS7,BS4,BS11,BS5,BS6,BS10,BS13,BS14,BS2,BS99,,,,,,,,,,,,,,,,,,,,,,,,,,,,,,
E06000045,SO18,SO14,SO19,SO16,SO15,SO17,,,,,,,,,,,,,,,,,,,,,,,,,,,,,,,,,,,,,,,
E06000058,BH15,BH4,BH23,BH5,BH12,BH8,BH10,BH18,BH9,BH1,BH14,BH6,BH11,BH7,BH17,BH13,BH2,BH3,,,,,,,,,,,,,,,,,,,,,,,,,,,
E07000010,PE15,PE16,PE13,PE7,,,,,,,,,,,,,,,,,,,,,,,,,,,,,,,,,,,,,,,,,
E08000019,S36,S8,S6,S3,S13,S2,S20,S14,S17,S7,S4,S12,S10,S1,S5,S98,S99,S9,S11,S96,S95,,,,,,,,,,,,,,,,,,,,,,,,
E06000050,CH64,WA6,CW9,CH2,CH4,CH3,CW6,CH66,CW7,CW8,CH65,CH1,CH34,CH99,CH33,CH70,,,,,,,,,,,,,,,,,,,,,,,,,,,,,
W06000013,CF34,CF31,CF36,CF32,CF33,CF35,,,,,,,,,,,,,,,,,,,,,,,,,,,,,,,,,,,,,,,
E07000180,OX12,SN7,OX13,OX2,OX14,,,,,,,,,,,,,,,,,,,,,,,,,,,,,,,,,,,,,,,,
E06000022,BS31,BS40,BA1,BS39,,,,,,,,,,,,,,,,,,,,,,,,,,,,,,,,,,,,,,,,,
E06000006,WA7,WA8,WA88,,,,,,,,,,,,,,,,,,,,,,,,,,,,,,,,,,,,,,,,,,
E07000116,TN18,TN4,TN2,TN1,TN17,TN3,,,,,,,,,,,,,,,,,,,,,,,,,,,,,,,,,,,,,,,
E07000239,DY10,DY11,DY12,WV98,DY14,,,,,,,,,,,,,,,,,,,,,,,,,,,,,,,,,,,,,,,,
E07000072,CM16,EN9,IG10,CM5,RM4,,,,,,,,,,,,,,,,,,,,,,,,,,,,,,,,,,,,,,,,
E08000028,DY4,B69,B67,B70,B66,B65,B43,WS5,B68,WS10,B71,B64,,,,,,,,,,,,,,,,,,,,,,,,,,,,,,,,,
E08000025,B14,B29,B33,B2,B20,B25,B28,B18,B10,B26,B21,B1,B11,B31,B45,B23,B76,B34,B72,B13,B32,B16,B99,B74,B75,B17,B6,B30,B15,B3,B4,B44,B8,B42,B5,B24,B12,B7,B9,B19,B73,B27,B35,,
E07000102,WD5,WD3,,,,,,,,,,,,,,,,,,,,,,,,,,,,,,,,,,,,,,,,,,,
E08000022,NE23,NE30,NE28,NE12,NE29,NE26,NE27,NE25,,,,,,,,,,,,,,,,,,,,,,,,,,,,,,,,,,,,,
E08000035,LS11,LS18,LS8,LS12,LS17,LS21,LS6,LS13,LS15,LS27,LS14,LS26,LS2,LS7,LS28,WF3,LS23,LS19,LS22,LS10,LS20,LS16,LS99,LS5,LS1,LS4,LS9,LS3,LS98,LS88,,,,,,,,,,,,,,,
E06000062,NN11,NN7,MK19,NN5,NN3,NN12,NN4,NN13,NN6,NN2,NN1,OX17,,,,,,,,,,,,,,,,,,,,,,,,,,,,,,,,,
E06000051,SY7,WV16,SY6,SY13,SY5,SY2,SY10,SY4,TF9,SY1,WV15,SY8,SY3,TF13,SY12,SY11,TF12,TF11,SY9,WV7,SY99,,,,,,,,,,,,,,,,,,,,,,,,
E06000021,ST2,ST3,ST4,ST6,ST1,ST9,,,,,,,,,,,,,,,,,,,,,,,,,,,,,,,,,,,,,,,
E08000033,HD6,HX3,HX1,HX5,OL14,HX4,HX2,HX7,HX6,,,,,,,,,,,,,,,,,,,,,,,,,,,,,,,,,,,,
E07000141,PE6,NG32,NG31,NG33,NG23,PE9,PE10,,,,,,,,,,,,,,,,,,,,,,,,,,,,,,,,,,,,,,
E06000019,HR4,HR2,HR1,HR6,HR8,HR9,HR7,,,,,,,,,,,,,,,,,,,,,,,,,,,,,,,,,,,,,,
E08000023,NE31,NE32,NE34,NE36,NE33,SR6,NE35,,,,,,,,,,,,,,,,,,,,,,,,,,,,,,,,,,,,,,
E08000034,HD9,HD8,HD1,WF15,BD4,HD2,WF13,HD4,WF16,WF12,WF17,WF14,HD5,BD19,HD7,BD11,HD3,,,,,,,,,,,,,,,,,,,,,,,,,,,,
E08000007,SK6,SK7,SK5,SK8,SK4,SK3,SK1,SK2,,,,,,,,,,,,,,,,,,,,,,,,,,,,,,,,,,,,,
E08000008,OL7,SK14,M43,SK16,M34,OL6,SK15,OL5,,,,,,,,,,,,,,,,,,,,,,,,,,,,,,,,,,,,,
E07000133,LE14,LE13,,,,,,,,,,,,,,,,,,,,,,,,,,,,,,,,,,,,,,,,,,,
E08000018,S81,S26,S60,S66,S61,S65,S62,S25,S97,,,,,,,,,,,,,,,,,,,,,,,,,,,,,,,,,,,,
E06000025,BS34,BS35,BS32,BS36,BS30,GL9,BS37,,,,,,,,,,,,,,,,,,,,,,,,,,,,,,,,,,,,,,
E09000012,N16,N1,E2,E8,E9,E5,EC2A,,,,,,,,,,,,,,,,,,,,,,,,,,,,,,,,,,,,,,
E08000026,CV2,CV5,CV3,CV1,CV6,CV4,,,,,,,,,,,,,,,,,,,,,,,,,,,,,,,,,,,,,,,
E06000010,HU7,HU5,HU2,HU3,HU9,HU8,HU4,HU1,,,,,,,,,,,,,,,,,,,,,,,,,,,,,,,,,,,,,
E09000021,KT2,KT9,KT1,KT3,KT5,,,,,,,,,,,,,,,,,,,,,,,,,,,,,,,,,,,,,,,,
E08000003,M20,M3,M22,M8,M21,M14,M60,M13,M4,M40,M12,M9,M18,M1,M23,M2,M11,M90,M19,M15,M61,M99,,,,,,,,,,,,,,,,,,,,,,,
E06000020,TF1,TF3,WV99,TF2,TF4,TF5,TF6,TF7,TF8,,,,,,,,,,,,,,,,,,,,,,,,,,,,,,,,,,,,
E06000040,SL4,SL6,TW19,SL60,,,,,,,,,,,,,,,,,,,,,,,,,,,,,,,,,,,,,,,,,
E07000131,LE7,LE16,LE17,LE94,,,,,,,,,,,,,,,,,,,,,,,,,,,,,,,,,,,,,,,,,
E06000049,SK9,SK11,CW1,CW12,ST7,WA16,SK10,CW3,CW5,CW11,CW2,SK12,CW10,CW4,CW98,,,,,,,,,,,,,,,,,,,,,,,,,,,,,,
E07000165,HG2,HG3,HG4,YO51,HG1,HG5,,,,,,,,,,,,,,,,,,,,,,,,,,,,,,,,,,,,,,,
E06000047,DH7,DH1,DH9,DL5,DL13,SR8,TS29,DL15,SR7,DL14,NE17,DL12,TS21,DL17,DH6,DH2,DL16,TS27,DH99,TS28,,,,,,,,,,,,,,,,,,,,,,,,,
E07000098,EN6,WD23,WD7,WD6,,,,,,,,,,,,,,,,,,,,,,,,,,,,,,,,,,,,,,,,,
E06000004,TS16,TS15,TS17,TS19,TS18,TS20,TS23,TS22,,,,,,,,,,,,,,,,,,,,,,,,,,,,,,,,,,,,,
E06000016,LE4,LE2,LE5,LE1,LE3,LE87,LE21,LE55,,,,,,,,,,,,,,,,,,,,,,,,,,,,,,,,,,,,,
E08000030,WS4,WS3,WS9,WV12,WS1,WV13,WS2,,,,,,,,,,,,,,,,,,,,,,,,,,,,,,,,,,,,,,
E06000061,NN10,NN17,NN9,NN8,NN14,NN16,NN15,NN18,NN29,PE8,,,,,,,,,,,,,,,,,,,,,,,,,,,,,,,,,,,
E07000142,LN8,DN41,LN3,LN7,DN21,,,,,,,,,,,,,,,,,,,,,,,,,,,,,,,,,,,,,,,,
E08000017,DN12,DN5,DN4,DN7,DN8,DN6,S64,DN1,DN3,DN2,,,,,,,,,,,,,,,,,,,,,,,,,,,,,,,,,,,
E06000024,BS8,BS24,BS22,BS49,BS48,BS20,BS21,BS23,BS29,BS41,,,,,,,,,,,,,,,,,,,,,,,,,,,,,,,,,,,
W06000010,SA33,SA18,SA31,SA14,SA19,SA15,SA39,SA16,SA34,SA20,SA17,SA32,,,,,,,,,,,,,,,,,,,,,,,,,,,,,,,,,
E07000238,DY13,WR9,WR7,WR12,WR10,,,,,,,,,,,,,,,,,,,,,,,,,,,,,,,,,,,,,,,,
E07000221,CV47,B50,CV36,CV37,CV35,B95,B49,B80,CV33,B94,,,,,,,,,,,,,,,,,,,,,,,,,,,,,,,,,,,
E06000036,GU47,SL5,RG12,RG42,,,,,,,,,,,,,,,,,,,,,,,,,,,,,,,,,,,,,,,,,
W06000011,SA4,SA5,SA2,SA1,SA6,SA3,SA7,SA99,SA80,,,,,,,,,,,,,,,,,,,,,,,,,,,,,,,,,,,,
E07000164,YO7,DL6,DL7,TS9,YO61,YO30,,,,,,,,,,,,,,,,,,,,,,,,,,,,,,,,,,,,,,,
E06000002,TS4,TS3,TS2,TS1,TS5,TS8,,,,,,,,,,,,,,,,,,,,,,,,,,,,,,,,,,,,,,,
E09000013,SW6,W6,,,,,,,,,,,,,,,,,,,,,,,,,,,,,,,,,,,,,,,,,,,
E07000127,L39,L40,WN8,,,,,,,,,,,,,,,,,,,,,,,,,,,,,,,,,,,,,,,,,,
E07000242,CM23,SG12,SG11,SG3,SG14,CM21,SG9,SG13,AL6,SG10,,,,,,,,,,,,,,,,,,,,,,,,,,,,,,,,,,,
W06000016,CF44,CF40,CF72,CF37,CF39,CF41,CF45,CF43,CF38,CF42,,,,,,,,,,,,,,,,,,,,,,,,,,,,,,,,,,,
E06000026,PL7,PL5,PL6,PL1,PL4,PL2,PL3,PL95,,,,,,,,,,,,,,,,,,,,,,,,,,,,,,,,,,,,,
W06000004,LL15,LL19,LL20,LL17,,,,,,,,,,,,,,,,,,,,,,,,,,,,,,,,,,,,,,,,,
E07000123,PR3,PR1,PR2,PR11,PR0,,,,,,,,,,,,,,,,,,,,,,,,,,,,,,,,,,,,,,,,
W06000002,LL55,LL53,LL40,LL57,LL41,LL48,LL54,LL52,LL23,LL36,LL39,LL46,LL42,LL44,LL45,LL56,LL33,LL47,LL49,LL35,LL51,LL38,LL37,LL43,,,,,,,,,,,,,,,,,,,,,
E07000136,PE21,PE20,,,,,,,,,,,,,,,,,,,,,,,,,,,,,,,,,,,,,,,,,,,
W06000009,SA61,SA70,SA65,SA62,SA68,SA73,SA71,SA63,SA67,SA64,SA66,SA41,SA42,SA69,SA72,SA37,SA36,SA35,,,,,,,,,,,,,,,,,,,,,,,,,,,
E07000115,TN9,TN12,ME20,TN11,ME6,ME19,ME18,TN10,,,,,,,,,,,,,,,,,,,,,,,,,,,,,,,,,,,,,
E08000004,OL8,OL2,OL3,M35,OL4,OL9,OL1,,,,,,,,,,,,,,,,,,,,,,,,,,,,,,,,,,,,,,
E06000018,NG7,NG3,NG6,NG5,NG11,NG8,NG1,,,,,,,,,,,,,,,,,,,,,,,,,,,,,,,,,,,,,,
E07000096,HP2,HP23,HP3,HP4,HP1,WD4,,,,,,,,,,,,,,,,,,,,,,,,,,,,,,,,,,,,,,,
E06000060,SL8,HP10,MK18,HP13,SL1,HP12,HP8,HP15,HP20,HP21,HP22,HP14,HP9,HP17,HP5,SL0,HP11,HP19,HP7,HP6,HP18,HP27,SL9,OX27,SL7,HP16,,,,,,,,,,,,,,,,,,,
E07000068,CM14,CM13,CM15,,,,,,,,,,,,,,,,,,,,,,,,,,,,,,,,,,,,,,,,,,
E07000169,YO8,YO23,LS25,LS24,WF11,,,,,,,,,,,,,,,,,,,,,,,,,,,,,,,,,,,,,,,,
E07000163,BD23,BD20,BD24,,,,,,,,,,,,,,,,,,,,,,,,,,,,,,,,,,,,,,,,,,
E07000130,LE11,LE12,LE6,,,,,,,,,,,,,,,,,,,,,,,,,,,,,,,,,,,,,,,,,,
E07000129,LE8,LE41,LE19,LE95,,,,,,,,,,,,,,,,,,,,,,,,,,,,,,,,,,,,,,,,,
E07000146,PE31,PE35,PE36,PE30,IP26,PE34,PE14,PE38,,,,,,,,,,,,,,,,,,,,,,,,,,,,,,,,,,,,,
E07000137,DN36,PE22,LN11,LN12,PE25,PE23,PE24,LN10,LN9,LN13,,,,,,,,,,,,,,,,,,,,,,,,,,,,,,,,,,,
E07000011,PE28,PE29,PE26,PE19,PE27,,,,,,,,,,,,,,,,,,,,,,,,,,,,,,,,,,,,,,,,
E09000027,TW11,TW12,TW9,TW2,SW14,TW10,TW1,SW13,,,,,,,,,,,,,,,,,,,,,,,,,,,,,,,,,,,,,
W06000019,NP23,NP13,,,,,,,,,,,,,,,,,,,,,,,,,,,,,,,,,,,,,,,,,,,
E07000237,WR5,WR1,WR3,WR4,WR2,WR99,,,,,,,,,,,,,,,,,,,,,,,,,,,,,,,,,,,,,,,
E08000024,SR4,SR2,DH4,SR3,SR5,NE38,NE37,DH5,SR1,,,,,,,,,,,,,,,,,,,,,,,,,,,,,,,,,,,,
E08000001,BL2,BL1,BL4,BL6,BL3,BL5,BL78,BL11,,,,,,,,,,,,,,,,,,,,,,,,,,,,,,,,,,,,,
E07000032,DE56,DE55,DE5,DE75,,,,,,,,,,,,,,,,,,,,,,,,,,,,,,,,,,,,,,,,,
E08000031,WV3,WV1,WV4,WV2,WV6,WV11,WV9,,,,,,,,,,,,,,,,,,,,,,,,,,,,,,,,,,,,,,
E06000056,MK45,SG19,LU5,SG18,LU6,SG17,LU7,SG15,SG16,,,,,,,,,,,,,,,,,,,,,,,,,,,,,,,,,,,,
E07000235,WR8,WR14,WR13,WR15,WR6,,,,,,,,,,,,,,,,,,,,,,,,,,,,,,,,,,,,,,,,
E07000170,NG15,NG17,,,,,,,,,,,,,,,,,,,,,,,,,,,,,,,,,,,,,,,,,,,
E07000176,NG12,NG13,NG2,,,,,,,,,,,,,,,,,,,,,,,,,,,,,,,,,,,,,,,,,,
W06000020,NP4,NP44,,,,,,,,,,,,,,,,,,,,,,,,,,,,,,,,,,,,,,,,,,,
E06000013,DN17,DN16,DN40,DN9,DN15,DN20,DN18,DN38,DN39,DN19,,,,,,,,,,,,,,,,,,,,,,,,,,,,,,,,,,,
E07000219,CV10,CV11,CV12,,,,,,,,,,,,,,,,,,,,,,,,,,,,,,,,,,,,,,,,,,
E06000037,RG17,RG20,RG8,RG19,RG31,RG14,RG7,RG18,,,,,,,,,,,,,,,,,,,,,,,,,,,,,,,,,,,,,
E06000001,TS26,TS24,TS25,,,,,,,,,,,,,,,,,,,,,,,,,,,,,,,,,,,,,,,,,,
W06000023,SY17,SY20,SA9,SY21,SY16,LD3,LD8,LD2,LD1,HR5,HR3,SY22,LD7,LD6,NP8,SY18,SY15,SY19,LD5,LD4,,,,,,,,,,,,,,,,,,,,,,,,,
E07000080,GL17,GL16,GL15,NP16,GL18,GL14,,,,,,,,,,,,,,,,,,,,,,,,,,,,,,,,,,,,,,,
E07000031,LA12,LA23,LA6,LA8,LA22,LA9,LA10,LA7,LA21,LA11,LA17,,,,,,,,,,,,,,,,,,,,,,,,,,,,,,,,,,
W06000015,CF24,CF3,CF15,CF10,CF11,CF14,CF5,CF23,CF30,CF95,CF91,,,,,,,,,,,,,,,,,,,,,,,,,,,,,,,,,,
E07000198,ST10,ST13,ST8,,,,,,,,,,,,,,,,,,,,,,,,,,,,,,,,,,,,,,,,,,
E08000037,NE16,DH3,NE10,NE9,NE21,NE8,NE11,NE40,NE39,NE41,NE92,DH98,NE85,NE88,,,,,,,,,,,,,,,,,,,,,,,,,,,,,,,
E07000172,NG16,NG9,NG80,NG90,,,,,,,,,,,,,,,,,,,,,,,,,,,,,,,,,,,,,,,,,
E07000036,DE72,DE7,NG10,,,,,,,,,,,,,,,,,,,,,,,,,,,,,,,,,,,,,,,,,,
E07000012,CB23,SG8,CB24,CB22,CB21,,,,,,,,,,,,,,,,,,,,,,,,,,,,,,,,,,,,,,,,
E07000174,NG19,NG18,,,,,,,,,,,,,,,,,,,,,,,,,,,,,,,,,,,,,,,,,,,
E06000031,PE1,PE3,PE2,PE4,PE5,,,,,,,,,,,,,,,,,,,,,,,,,,,,,,,,,,,,,,,,
E06000046,PO31,PO36,PO40,PO34,PO33,PO30,PO38,PO37,PO39,PO32,PO41,PO35,,,,,,,,,,,,,,,,,,,,,,,,,,,,,,,,,
E07000034,S40,S43,S41,S49,,,,,,,,,,,,,,,,,,,,,,,,,,,,,,,,,,,,,,,,,
W06000018,CF83,CF82,NP22,NP11,NP12,NP24,CF81,,,,,,,,,,,,,,,,,,,,,,,,,,,,,,,,,,,,,,
E07000095,EN11,EN8,EN10,EN7,,,,,,,,,,,,,,,,,,,,,,,,,,,,,,,,,,,,,,,,,
E08000032,BD16,BD21,BD18,BD2,LS29,BD10,BD22,BD8,BD14,BD17,BD6,BD9,BD3,BD13,BD12,BD5,BD15,BD7,BD1,BD97,BD99,BD98,,,,,,,,,,,,,,,,,,,,,,,
E07000222,CV31,CV32,CV34,CV8,,,,,,,,,,,,,,,,,,,,,,,,,,,,,,,,,,,,,,,,,
E07000168,YO11,YO13,YO21,YO14,YO22,,,,,,,,,,,,,,,,,,,,,,,,,,,,,,,,,,,,,,,,
E06000017,LE15,,,,,,,,,,,,,,,,,,,,,,,,,,,,,,,,,,,,,,,,,,,,
E09000002,RM10,IG11,RM8,RM9,,,,,,,,,,,,,,,,,,,,,,,,,,,,,,,,,,,,,,,,,
E07000081,GL1,,,,,,,,,,,,,,,,,,,,,,,,,,,,,,,,,,,,,,,,,,,,
E09000020,W14,W10,SW10,W8,W11,SW3,SW5,SW1W,,,,,,,,,,,,,,,,,,,,,,,,,,,,,,,,,,,,,
E07000009,CB6,CB7,CB25,,,,,,,,,,,,,,,,,,,,,,,,,,,,,,,,,,,,,,,,,,
E07000069,SS8,SS7,,,,,,,,,,,,,,,,,,,,,,,,,,,,,,,,,,,,,,,,,,,
E07000181,OX18,OX28,OX29,OX20,,,,,,,,,,,,,,,,,,,,,,,,,,,,,,,,,,,,,,,,,
E06000011,HU17,YO15,DN14,HU16,YO41,YO16,HU12,YO25,HU6,YO42,HU11,YO43,HU14,HU10,HU13,HU15,HU19,HU18,HU20,,,,,,,,,,,,,,,,,,,,,,,,,,
E07000173,NG4,NG14,,,,,,,,,,,,,,,,,,,,,,,,,,,,,,,,,,,,,,,,,,,
E07000038,S18,S21,S42,S45,,,,,,,,,,,,,,,,,,,,,,,,,,,,,,,,,,,,,,,,,
E06000033,SS3,SS9,SS99,SS0,SS1,SS2,SS22,,,,,,,,,,,,,,,,,,,,,,,,,,,,,,,,,,,,,,
E08000009,M32,M16,M41,WA15,WA14,M33,M17,M31,,,,,,,,,,,,,,,,,,,,,,,,,,,,,,,,,,,,,
E07000125,OL13,BB4,,,,,,,,,,,,,,,,,,,,,,,,,,,,,,,,,,,,,,,,,,,
W06000005,CH8,CH7,CH6,CH5,,,,,,,,,,,,,,,,,,,,,,,,,,,,,,,,,,,,,,,,,
E08000010,WA3,M46,WN3,WN7,WN5,WN2,M29,WN6,WN1,,,,,,,,,,,,,,,,,,,,,,,,,,,,,,,,,,,,
E06000042,MK11,MK17,MK3,MK46,MK13,MK10,MK7,MK2,MK16,MK6,MK8,MK14,MK9,MK1,MK4,MK12,MK5,MK77,MK15,,,,,,,,,,,,,,,,,,,,,,,,,,
E08000016,S35,S73,S72,S70,S63,S74,S75,S71,,,,,,,,,,,,,,,,,,,,,,,,,,,,,,,,,,,,,
E07000145,NR30,NR31,NR29,,,,,,,,,,,,,,,,,,,,,,,,,,,,,,,,,,,,,,,,,,
E06000008,BB1,BB2,BB3,BL7,,,,,,,,,,,,,,,,,,,,,,,,,,,,,,,,,,,,,,,,,
E06000043,BN1,BN2,BN3,BN50,BN41,BN52,BN88,BN51,,,,,,,,,,,,,,,,,,,,,,,,,,,,,,,,,,,,,
W06000006,LL13,LL14,LL11,LL12,SY14,,,,,,,,,,,,,,,,,,,,,,,,,,,,,,,,,,,,,,,,
E07000196,WV5,WV10,WS6,ST19,DY7,WV8,,,,,,,,,,,,,,,,,,,,,,,,,,,,,,,,,,,,,,,
W06000012,SA12,SA11,SA13,SA10,SA8,,,,,,,,,,,,,,,,,,,,,,,,,,,,,,,,,,,,,,,,
E07000199,B79,B77,,,,,,,,,,,,,,,,,,,,,,,,,,,,,,,,,,,,,,,,,,,
E07000195,ST5,ST55,,,,,,,,,,,,,,,,,,,,,,,,,,,,,,,,,,,,,,,,,,,
E07000112,CT18,CT19,CT20,TN28,TN29,CT21,CT50,,,,,,,,,,,,,,,,,,,,,,,,,,,,,,,,,,,,,,
E06000015,DE24,DE3,DE22,DE21,DE23,DE1,DE99,,,,,,,,,,,,,,,,,,,,,,,,,,,,,,,,,,,,,,
E07000193,DE14,ST14,DE13,DE15,,,,,,,,,,,,,,,,,,,,,,,,,,,,,,,,,,,,,,,,,
E07000194,WS8,WS7,WS15,WS13,WS14,,,,,,,,,,,,,,,,,,,,,,,,,,,,,,,,,,,,,,,,
E07000166,DL10,DL8,DL9,DL11,,,,,,,,,,,,,,,,,,,,,,,,,,,,,,,,,,,,,,,,,
E06000012,DN37,DN34,DN32,DN33,DN35,DN31,,,,,,,,,,,,,,,,,,,,,,,,,,,,,,,,,,,,,,,
E06000003,TS14,TS11,TS13,TS10,TS6,TS12,TS7,,,,,,,,,,,,,,,,,,,,,,,,,,,,,,,,,,,,,,
W06000008,SY23,SY24,SA43,SA44,SA48,SA45,SA38,SA40,SY25,SA46,SA47,,,,,,,,,,,,,,,,,,,,,,,,,,,,,,,,,,
E06000034,RM18,RM16,SS17,RM17,RM15,RM20,RM19,,,,,,,,,,,,,,,,,,,,,,,,,,,,,,,,,,,,,,
E09000001,EC4A,EC3A,EC4V,EC4R,EC2R,EC4Y,EC2N,EC3N,EC3R,EC4M,EC3M,EC2V,EC3P,EC2Y,EC3V,,,,,,,,,,,,,,,,,,,,,,,,,,,,,,
E07000064,TN40,TN32,TN31,TN39,TN19,TN36,TN35,,,,,,,,,,,,,,,,,,,,,,,,,,,,,,,,,,,,,,
E07000027,LA14,LA13,LA16,LA15,,,,,,,,,,,,,,,,,,,,,,,,,,,,,,,,,,,,,,,,,
E06000014,YO26,YO10,YO32,YO24,YO19,YO1,YO31,YO90,,,,,,,,,,,,,,,,,,,,,,,,,,,,,,,,,,,,,
E07000140,PE11,PE12,,,,,,,,,,,,,,,,,,,,,,,,,,,,,,,,,,,,,,,,,,,
E08000013,WA10,WA9,WA12,WA11,WN4,,,,,,,,,,,,,,,,,,,,,,,,,,,,,,,,,,,,,,,,
E07000241,AL10,AL7,AL8,AL9,,,,,,,,,,,,,,,,,,,,,,,,,,,,,,,,,,,,,,,,,
E07000066,CM12,SS14,CM11,SS12,SS15,SS16,SS13,,,,,,,,,,,,,,,,,,,,,,,,,,,,,,,,,,,,,,
E07000218,B46,B78,,,,,,,,,,,,,,,,,,,,,,,,,,,,,,,,,,,,,,,,,,,
E07000128,FY6,FY5,FY7,,,,,,,,,,,,,,,,,,,,,,,,,,,,,,,,,,,,,,,,,,
E07000121,LA4,LA3,LA5,LA2,LA1,,,,,,,,,,,,,,,,,,,,,,,,,,,,,,,,,,,,,,,,
E07000139,LN4,NG34,LN5,,,,,,,,,,,,,,,,,,,,,,,,,,,,,,,,,,,,,,,,,,
E07000132,LE9,CV13,CV9,,,,,,,,,,,,,,,,,,,,,,,,,,,,,,,,,,,,,,,,,,
E07000099,SG7,SG6,SG4,SG5,,,,,,,,,,,,,,,,,,,,,,,,,,,,,,,,,,,,,,,,,
E06000044,PO6,PO4,PO5,PO2,PO3,PO1,,,,,,,,,,,,,,,,,,,,,,,,,,,,,,,,,,,,,,,
W06000014,CF63,CF62,CF64,CF71,CF61,,,,,,,,,,,,,,,,,,,,,,,,,,,,,,,,,,,,,,,,
W06000021,NP7,NP15,NP25,NP26,,,,,,,,,,,,,,,,,,,,,,,,,,,,,,,,,,,,,,,,,
E06000009,FY1,FY2,FY3,,,,,,,,,,,,,,,,,,,,,,,,,,,,,,,,,,,,,,,,,,
E07000035,DE4,DE6,DE45,S32,S33,,,,,,,,,,,,,,,,,,,,,,,,,,,,,,,,,,,,,,,,
E06000007,WA5,WA4,WA1,WA2,WA13,WA55,,,,,,,,,,,,,,,,,,,,,,,,,,,,,,,,,,,,,,,
E07000062,TN34,TN37,TN38,,,,,,,,,,,,,,,,,,,,,,,,,,,,,,,,,,,,,,,,,,
E07000084,RG22,RG28,RG24,RG26,RG21,RG23,RG25,,,,,,,,,,,,,,,,,,,,,,,,,,,,,,,,,,,,,,
E07000175,NG24,NG25,NG21,,,,,,,,,,,,,,,,,,,,,,,,,,,,,,,,,,,,,,,,,,
E07000135,LE18,,,,,,,,,,,,,,,,,,,,,,,,,,,,,,,,,,,,,,,,,,,,
E07000192,WS12,WS11,,,,,,,,,,,,,,,,,,,,,,,,,,,,,,,,,,,,,,,,,,,
E07000134,DE12,DE73,LE65,LE67,DE74,,,,,,,,,,,,,,,,,,,,,,,,,,,,,,,,,,,,,,,,
W06000001,LL77,LL65,LL68,LL58,LL78,LL61,LL62,LL67,LL71,LL63,LL70,LL60,LL64,LL74,LL59,LL75,LL72,LL69,LL76,LL66,LL73,,,,,,,,,,,,,,,,,,,,,,,,
W06000024,CF46,CF47,CF48,,,,,,,,,,,,,,,,,,,,,,,,,,,,,,,,,,,,,,,,,,
E07000124,BB7,,,,,,,,,,,,,,,,,,,,,,,,,,,,,,,,,,,,,,,,,,,,
E06000053,TR24,TR23,TR21,TR25,TR22,,,,,,,,,,,,,,,,,,,,,,,,,,,,,,,,,,,,,,,,
