Primary Substation,Voltage (kV),BSP Group,BCA Group (GSP),Easting,Northing,Firm Capacity (MVA),Demand Headroom (MW)
ALBION ST,6.6,LOWER DARWEN,ROCHDALE,367434,426087,4.6,2.1
ALDERLEY,11,MOSS NOOK,SOUTH MANCHESTER,385044,379026,7.6,10.6
ALSTON,11,PENRITH & SHAP,HUTTON,372125,546499,7.6,0
AMBLESIDE,11,KENDAL (PARKSIDE RD),HUTTON,337602,503506,7.6,8
ANCOATS NORTH T11 & T12,6.6,RED BANK,WHITEGATE,385022,398830,4.6,6.7
ANCOATS NORTH T14,6.6,RED BANK,WHITEGATE,385032,398840,4.6,7.5
ANNIE PIT,11,STAINBURN & SIDDICK,HARKER,300011,527810,7.6,4.7
ANSDELL,6.6,LYTHAM,PENWORTHAM ,334416,428229,9.1,0
ARDWICK,6.6,STUART ST,STALYBRIDGE,384753,397415,7.2,2.8
ARNSIDE,11,KENDAL (PARKSIDE RD),HUTTON,346495,478180,7.6,10.6
ASHTON (GOLBORNE),6.6,ORRELL,WASHWAY FARM / KIRKBY,357056,400663,9.1,0
ASHTON (RIBBLE),6.6,RIBBLE,PENWORTHAM ,350275,430526,7.2,1.2
ASHTON ON MERSEY,6.6,SALE,CARRINGTON,377188,392252,7.2,10
ASHTON UNDER LYNE T11 & T12,6.6,HARTSHEAD-HEYROD,STALYBRIDGE,393275,399319,7.2,5.8
ASHTON UNDER LYNE T13,6.6,HARTSHEAD-HEYROD,STALYBRIDGE,393285,399329,7.2,6.9
ASHWOOD DALE,6.6,BUXTON,STALYBRIDGE,406537,373050,7.2,5.3
ASKAM,11,ULVERSTON,HARKER,321558,477806,12,1.5
ASKERTON CASTLE,11,-,HARKER,354779,568913,15.2,0.9
ASPATRIA,11,STAINBURN & SIDDICK,HARKER,314417,542840,7.6,4
ATHERTON TOWN CENTRE,11,ATHERTON,KEARSLEY,367546,403338,15.2,7.4
ATHLETIC ST,6.6,BURNLEY,ROCHDALE,385381,432208,4.6,7.6
AVENHAM,6.6,PRESTON EAST,PENWORTHAM ,354028,429192,9.1,2.1
BAGULEY,11,SALE,CARRINGTON,380562,389035,7.6,5
BAMBER BRIDGE,11,RIBBLE,PENWORTHAM ,356431,426698,12,4.5
BARBARA ST,6.6,BOLTON,KEARSLEY,370695,407609,7.2,0
BARROW,11,BARROW & SANDGATE,HARKER,319709,470489,12,13.9
BARTON DOCK RD,6.6,BARTON,CARRINGTON,378864,395534,7.2,3
BEDFORD,11,ATHERTON,KEARSLEY,366258,399876,15.2,5.2
BELGRAVE,6.6,GREENHILL,WHITEGATE,393008,403366,7.2,8
BENCHILL,11,WEST DIDSBURY,SOUTH MANCHESTER,382454,388020,7.6,7.9
BENTHAM,11,KENDAL (PARKSIDE RD),HUTTON,366887,470130,7.6,0.8
BISPHAM,6.6,BISPHAM,PENWORTHAM ,331655,439667,7.2,5.7
BLACKBULL,6.6,RIBBLE,PENWORTHAM ,353041,433005,7.2,7.1
BLACKBURN,6.6,BLACKBURN,PENWORTHAM ,370584,429294,4.6,9
BLACKFRIARS,6.6,FREDERICK RD,KEARSLEY,383030,399104,7.2,0
BLACKLEY,6.6,RED BANK,WHITEGATE,383882,403258,7.2,11
BLACKPOOL,6.6,BLACKPOOL,PENWORTHAM ,330835,435308,7.2,12.7
BOLLINGTON,11,MACCLESFIELD,MACCLESFIELD,393042,377873,12,1.1
BOLTON BY BOWLAND,11,PADIHAM,PADIHAM,378320,449559,7.6,0
BOLTON LE SANDS,11,LANCASTER,HEYSHAM,347707,467237,7.6,5.8
BOTANY BAY,11,LEYLAND,PENWORTHAM ,359442,418850,12,2
BOW LANE,11,LEYLAND,PENWORTHAM ,354895,422392,7.6,4.7
BOWATERS,11,BARROW & SANDGATE,HARKER,319579,472480,7.6,13.8
BOWDON,11,ALTRINCHAM,CARRINGTON,376743,386810,7.6,6.6
BRADFORD,6.6,STUART ST,STALYBRIDGE,387613,397710,4.6,8.4
BRADSHAWGATE,6.6,BOLTON,KEARSLEY,371891,408910,4.6,10.6
BRAMHALL,11,HAZEL GROVE,BREDBURY,389440,386463,12,5
BRIDGEWATER,6.6,BLOOM ST,SOUTH MANCHESTER,383543,397628,9.1,7.8
BRINKSWAY,6.6,ADSWOOD,BREDBURY,388434,389885,4.6,8.7
BROADHEATH,11,ALTRINCHAM,CARRINGTON,376412,389026,7.6,14.3
BROADWAY,6.6,LANCASTER,HEYSHAM,344792,464471,7.2,12
BUCKSHAW,11,LEYLAND,PENWORTHAM ,356748,421312,12,10.9
BURNLEY,6.6,BURNLEY,ROCHDALE,385569,434469,4.6,15.7
BURNLEY CENTRE,6.6,BURNLEY,ROCHDALE,384308,432288,7.2,9.8
BURNLEY NORTH,6.6,BURNLEY,ROCHDALE,384418,434168,7.2,1.2
BURROW BECK,11,LANCASTER,HEYSHAM,347903,458401,12,6.3
BURSCOUGH BRIDGE,11,WRIGHTINGTON,PENWORTHAM ,344595,412486,12,4.7
BURY TOWN CENTRE,6.6,BURY,KEARSLEY,380863,410807,4.6,8.3
BUSHELL ST,6.6,RIBBLE,PENWORTHAM ,353809,430094,4.6,5.8
CAMPBELL ST,11,KEARSLEY LOCAL,KEARSLEY,372937,406428,12,6.3
CANNON ST,6.6,RED BANK,WHITEGATE,384064,398635,4.6,14.9
CAPONTREE,11,CARLISLE,HARKER,352906,559671,7.6,15.1
CARLETON,11,EGREMONT,HARKER,308796,498305,12,3.1
CARLISLE NORTH,11,-,HARKER,338547,560280,12,11.4
CARR ST,11,KEARSLEY LOCAL,KEARSLEY,376984,401329,7.6,9.9
CASTLETON,6.6,CASTLETON,ROCHDALE,388461,411290,7.2,6.2
CATTERALL WATERWORKS,6.6,RIBBLE,PENWORTHAM ,349381,442178,4.6,0
CECIL ST,6.6,BLACKPOOL,PENWORTHAM ,331301,437023,7.2,10.9
CENTRAL MANCHESTER,6.6,STUART ST,STALYBRIDGE,384852,397718,7.2,15.3
CHADDERTON,6.6,CHADDERTON,WHITEGATE,389161,403872,4.6,14.6
CHAMBERHALL,6.6,BURY,KEARSLEY,380280,411215,6.9,3.4
CHAPEL WHARF,6.6,FREDERICK RD,KEARSLEY,383499,398634,7.2,0
CHASSEN RD,6.6,BARTON,CARRINGTON,375542,394453,7.2,2.5
CHATSWORTH ST,11,BARROW & SANDGATE,HARKER,319188,470003,15.2,7.6
CHEADLE HEATH,6.6,ADSWOOD,BREDBURY,387062,389054,7.2,5
CHEADLE HULME,11,ADSWOOD,BREDBURY,387386,386308,12,8.1
CHEETHAM HILL,6.6,AGECROFT,KEARSLEY,383606,402218,4.6,3.1
CHELFORD,11,MOSS NOOK,SOUTH MANCHESTER,382184,373490,7.6,10.6
CHESTER RD T11 & T12,6.6,STRETFORD,SOUTH MANCHESTER,381030,396165,7.2,4
CHESTER RD T13,6.6,STRETFORD,SOUTH MANCHESTER,381040,396175,7.2,8.6
CHORLEY SOUTH,11,WRIGHTINGTON,PENWORTHAM ,358658,417041,15.2,2
CHORLTON,6.6,WEST DIDSBURY,SOUTH MANCHESTER,381411,393754,4.6,3.3
CHURCH,6.6,HUNCOAT,PADIHAM,374687,428919,9.1,1
CLARENDON RD,6.6,BLACKBURN,PENWORTHAM ,369051,429883,4.6,9.8
CLAUGHTON,11,LANCASTER,HEYSHAM,355872,466268,12,0.3
BLACKBURN RD CLAYTON,6.6,HUNCOAT,PADIHAM,374632,430529,7.2,11.6
CLEVELEYS,6.6,BISPHAM,PENWORTHAM ,332286,443104,7.2,4.6
CLIFTON JUNCTION,11,KEARSLEY LOCAL,KEARSLEY,379289,403073,12,6.1
CLOVER HILL,6.6,NELSON,PADIHAM,386638,437064,7.2,9.2
COG LANE,6.6,HUNCOAT,PADIHAM,382462,432232,9.1,6.5
CONISTON,11,ULVERSTON,HARKER,329874,497641,7.6,0
COPSE RD,6.6,THORNTON,STANAH,333013,446934,7.2,5.9
COX GREEN,11,BOLTON,KEARSLEY,371893,413641,12,4.4
CRAGGS ROW,6.6,RIBBLE,PENWORTHAM ,353740,430080,7.2,5.8
CROWN LANE,11,WESTHOUGHTON,KEARSLEY,362706,410859,7.6,3.1
CULCHETH,11,GOLBORNE,BOLD,365430,395366,7.6,2.6
CUTACRE,11,KEARSLEY LOCAL,KEARSLEY,369848,404515,12,17.5
DALTON,11,ULVERSTON,HARKER,323582,474255,7.6,1.5
DEANSGATE,6.6,BLOOM ST,SOUTH MANCHESTER,383463,398149,7.2,10.4
DENTON EAST,6.6,DROYLSDEN,STALYBRIDGE,392394,395626,7.2,10.6
DENTON WEST,6.6,DROYLSDEN,STALYBRIDGE,390380,395565,4.6,6.5
DICKINSON ST,6.6,BLOOM ST,SOUTH MANCHESTER,384109,397722,9.1,8.8
DIDSBURY,6.6,WEST DIDSBURY,SOUTH MANCHESTER,384792,391153,7.2,8.8
DODGSON RD,6.6,PRESTON EAST,PENWORTHAM ,355190,430397,4.6,2.1
DOUGLAS ST,6.6,RIBBLE,PENWORTHAM ,352220,429932,4.6,9.2
DROYLSDEN EAST,6.6,DROYLSDEN,STALYBRIDGE,390532,398053,7.2,7.2
DUKINFIELD,6.6,HYDE,STALYBRIDGE,394372,396438,4.6,11.3
DUMERS LANE,11,BURY,KEARSLEY,380057,408141,7.6,8.1
DUMPLINGTON,11,BARTON,CARRINGTON,376770,397157,15.2,21.7
EASTLANDS,6.6,STUART ST,STALYBRIDGE,386458,398693,9.1,10.2
EASTON,11,-,HARKER,343201,571738,15.2,0
EGREMONT,11,EGREMONT,HARKER,301070,513074,7.6,2.7
EMBLETON,11,STAINBURN & SIDDICK,HARKER,315767,529389,7.6,3.2
EXCHANGE ST,6.6,LOWER DARWEN,ROCHDALE,369100,423028,9.1,2.1
FAILSWORTH,6.6,CHADDERTON,WHITEGATE,389631,401496,4.6,8.4
FALLOWFIELD,6.6,WEST DIDSBURY,SOUTH MANCHESTER,385608,393881,4.6,7.3
FARNWORTH,11,KEARSLEY LOCAL,KEARSLEY,373726,405532,15.2,7.3
FENISCOWLES,6.6,LOWER DARWEN,ROCHDALE,364660,425120,7.2,2.1
FERODO,11,NEW MILLS,STALYBRIDGE,405720,381338,12,1.6
FLAT LANE,11,PADIHAM,PADIHAM,383248,456995,12,0
FREDERICK RD,6.6,FREDERICK RD,KEARSLEY,381697,399348,9.1,0
FUSEHILL,11,CARLISLE,HARKER,341042,555452,7.6,3.2
GALE,6.6,BELFIELD,ROCHDALE,389570,414943,4.6,12.2
GARSTANG,6.6,THORNTON,STANAH,348319,445221,7.2,1.1
GATLEY,6.6,MOSS NOOK,SOUTH MANCHESTER,384242,388388,4.6,1.5
GIDLOW,6.6,WIGAN,KIRKBY,357620,406662,4.6,3.8
GILLSROW,11,PENRITH & SHAP,HUTTON,337117,526444,12,1.3
GLAXO,11,ULVERSTON,HARKER,330458,477825,7.6,6.4
GLOSSOP,11,HYDE,STALYBRIDGE,402300,394074,12,8.2
GOLBORNE,11,GOLBORNE,BOLD,360621,397766,15.2,3.5
GOWHOLE,11,NEW MILLS,STALYBRIDGE,401104,383846,7.6,5.3
GRANE RD,6.6,ROSSENDALE,PADIHAM,378312,422726,4.6,9.3
GRANGE,11,ULVERSTON,HARKER,340240,478314,7.6,4.9
GREAT HARWOOD,6.6,HUNCOAT,PADIHAM,373765,431955,7.2,9.9
GREEN LANE (ALTRINCHAM),11,ALTRINCHAM,CARRINGTON,378744,387772,7.6,5.7
GREEN LANE (HAZEL GROVE),11,HAZEL GROVE,BREDBURY,391570,387132,7.6,0
GREEN ST T11,6.6,WIGAN,KIRKBY,358235,404898,7.2,0.4
GREEN ST T12 & T13,6.6,WIGAN,KIRKBY,358225,404888,7.2,5
GREENFIELD,11,HARTSHEAD-HEYROD,STALYBRIDGE,399322,404583,15.2,12.6
GREENHILL,6.6,GREENHILL,WHITEGATE,393262,404755,4.6,16
GRIFFIN,6.6,LOWER DARWEN,ROCHDALE,367171,427130,9.1,2.1
HADFIELD,11,HYDE,STALYBRIDGE,401790,395876,7.6,12.2
HALL CROSS,6.6,PEEL,PENWORTHAM ,342288,430650,7.2,2.2
HANDFORTH,11,MOSS NOOK,SOUTH MANCHESTER,385958,383397,7.6,11
HANGING BRIDGE,11,WRIGHTINGTON,PENWORTHAM ,346186,417486,12,1.7
HAREHOLME,6.6,ROSSENDALE,PADIHAM,382535,422283,9.1,5.8
HARPURHEY,6.6,RED BANK,WHITEGATE,385907,402469,4.6,11.2
HARWOOD,11,BOLTON,KEARSLEY,374043,410941,7.6,3
HATTERSLEY,11,HYDE,STALYBRIDGE,398419,395120,15.2,4.8
HAVERTHWAITE,11,ULVERSTON,HARKER,334234,483827,12,4.4
HAWK GREEN,11,HAZEL GROVE,BREDBURY,395915,387138,12,11.2
HAYDOCK,11,GOLBORNE,BOLD,357489,397336,12,11.9
HDA NO1,11,STAINBURN & SIDDICK,HARKER,301743,524532,7.6,13.1
HDA NO2,11,STAINBURN & SIDDICK,HARKER,301429,525527,12,13.1
HEADY HILL,6.6,CASTLETON,ROCHDALE,384370,410583,4.6,5.2
HEAP BRIDGE,6.6,BURY,KEARSLEY,382793,410428,4.6,7.8
HEASANDFORD,6.6,BURNLEY,ROCHDALE,385349,433821,4.6,9.4
HEATON MOOR,6.6,VERNON PARK,BREDBURY,387623,391345,7.2,5.9
HEATON NORRIS,6.6,VERNON PARK,BREDBURY,388860,391967,4.6,0.9
HELWITH BRIDGE,11,PADIHAM,PADIHAM,381025,469428,12,0.8
HENSINGHAM,11,EGREMONT,HARKER,298465,517239,12,12.2
HEYROD,6.6,HARTSHEAD-HEYROD,STALYBRIDGE,397310,399981,6.9,9.7
HEYSIDE,6.6,ROYTON,WHITEGATE,393433,407129,4.6,11.5
HEYWOOD,6.6,CASTLETON,ROCHDALE,385429,410369,7.2,1.3
HIGHER MILL,6.6,MOSS NOOK,SOUTH MANCHESTER,385731,388090,4.6,6.7
HIGHER WALTON,11,LEYLAND,PENWORTHAM ,358020,427270,7.6,6.5
HILL TOP T11 & T12,11,KEARSLEY LOCAL,KEARSLEY,373466,403748,7.6,5.5
HILL TOP T13,11,KEARSLEY LOCAL,KEARSLEY,373476,403758,7.6,0.4
HINDLEY GREEN,11,ATHERTON,KEARSLEY,363389,403254,12,7.4
HOLLINWOOD,6.6,CHADDERTON,WHITEGATE,390287,402592,7.2,13.5
HOLME RD,11,RIBBLE,PENWORTHAM ,352311,429141,7.6,7
HOLT ST,11,BURY,KEARSLEY,378620,416362,12,4
HURST,6.6,HARTSHEAD-HEYROD,STALYBRIDGE,394658,400360,7.2,6.2
HUTTON END,11,PENRITH & SHAP,HUTTON,345810,538827,12,6
HYDE,6.6,HYDE,STALYBRIDGE,395215,395126,7.2,6.8
HYNDBURN RD,6.6,HUNCOAT,PADIHAM,375688,428877,9.1,5.4
INDIA ST,6.6,LOWER DARWEN,ROCHDALE,369485,421865,4.6,2.1
INGLETON,11,KENDAL (PARKSIDE RD),HUTTON,368913,472337,12,1.7
IRLAM,6.6,CARRINGTON BSP,CARRINGTON,371680,393360,14.3,2.5
JAMES ST,11,CARLISLE,HARKER,340034,555418,12,7.4
KAY ST,6.6,HUNCOAT,PADIHAM,373863,427594,7.2,13.5
KENDAL,11,KENDAL (PARKSIDE RD),HUTTON,351915,491858,7.6,3.9
KESWICK,11,STAINBURN & SIDDICK,HARKER,327022,523784,7.6,2.7
KINGSWAY,11,BELFIELD,ROCHDALE,391636,411724,12,20.8
KINKRY HILL,11,-,HARKER,350800,575111,15.2,0.8
KIRKBY LONSDALE,11,KENDAL (PARKSIDE RD),HUTTON,359833,478813,7.6,2.2
KIRKBY MOOR,11,ULVERSTON,HARKER,326099,483011,23.8,2.2
KIRKBY STEPHEN,11,PENRITH & SHAP,HUTTON,376579,509136,15.2,8.2
KIRKBY THORE,11,PENRITH & SHAP,HUTTON,364439,526672,12,4.1
KIRKHALL LANE,11,ATHERTON,KEARSLEY,365510,401069,7.6,6.2
KITT GREEN,6.6,ORRELL,KIRKBY,354934,405497,4.6,4.6
KNOTT MILL,6.6,BLOOM ST,SOUTH MANCHESTER,383136,397725,9.1,4.3
LAMBERHEAD,6.6,ORRELL,KIRKBY,355516,404030,7.2,10.6
LANCASTER,11,LANCASTER,HEYSHAM,348644,463628,12,3.4
LANGLEY,11,CHADDERTON,WHITEGATE,386421,406330,7.6,8.7
LANGROYD RD,6.6,NELSON,PADIHAM,389077,440584,4.6,9.2
LEIGH,11,ATHERTON,KEARSLEY,365863,399907,15.2,2.7
LEVENSHULME,6.6,LONGSIGHT,BREDBURY,387494,394155,4.6,4.2
LEYLAND NATIONAL,11,STAINBURN & SIDDICK,HARKER,301973,525948,7.6,13.8
LITTLE HULTON,11,KEARSLEY LOCAL,KEARSLEY,372024,403826,12,2.4
LITTLE SALKELD,11,PENRITH & SHAP,HUTTON,356221,537513,7.6,7.4
LITTLEBOROUGH,6.6,BELFIELD,ROCHDALE,393221,416124,4.6,3.2
LONGFORD BRIDGE,6.6,STRETFORD,SOUTH MANCHESTER,380056,395083,9.1,9.6
LONGRIDGE,6.6,PRESTON EAST,PENWORTHAM ,360581,437001,4.6,2.1
LONGSIGHT,6.6,LONGSIGHT,BREDBURY,385535,396037,4.6,6.5
LOSTOCK,11,WESTHOUGHTON,KEARSLEY,365293,409079,15.2,7.2
LOWER DARWEN,6.6,LOWER DARWEN,ROCHDALE,369695,424981,9.1,2.1
LYONS RD,6.6,BARTON,CARRINGTON,378253,397241,4.6,10.9
MANCHESTER UNIVERSITY,6.6,LONGSIGHT,BREDBURY,384762,396769,9.1,0.4
MARPLE,11,HAZEL GROVE,BREDBURY,395671,388643,12,0.1
MARTON,6.6,BLACKPOOL,PENWORTHAM ,333341,433485,4.6,11.2
MARYPORT,11,STAINBURN & SIDDICK,HARKER,303716,535313,12,9
MELLING,11,KENDAL (PARKSIDE RD),HUTTON,360144,471643,12,1.5
MERESIDE,6.6,PEEL,PENWORTHAM ,334431,434843,7.2,2.2
MIDDLETON JUNCTION,11,CHADDERTON,WHITEGATE,388606,405292,12,5.5
MIDWAY,11,EGREMONT,HARKER,304525,501993,12,9
MILNROW,6.6,CASTLETON,ROCHDALE,392351,413056,4.6,10.8
MINTSFEET,11,KENDAL (PARKSIDE RD),HUTTON,351827,494315,7.6,1.7
MONSALL,6.6,STUART ST,STALYBRIDGE,386332,401003,7.2,11.8
MONTON,6.6,BARTON,CARRINGTON,376321,399494,4.6,3.7
MOORSIDE,6.6,RIBBLE,PENWORTHAM ,349331,435746,7.2,3.8
MORTON PARK,11,CARLISLE,HARKER,337826,553939,23.8,8.3
MOSLEY RD,6.6,STRETFORD,SOUTH MANCHESTER,379058,396289,7.2,3.5
MOSS LANE,11,KEARSLEY LOCAL,KEARSLEY,380858,405856,7.6,1
MOSS NOOK PRIMARY,11,MOSS NOOK,SOUTH MANCHESTER,384084,385010,15.2,17.6
MOSS SIDE (Leyland),11,LEYLAND,PENWORTHAM ,352170,422970,7.6,3.4
MOSS SIDE (Longsight),6.6,LONGSIGHT,BREDBURY,384007,395893,4.6,0
MOSSLEY,11,HARTSHEAD-HEYROD,STALYBRIDGE,397437,401979,7.6,9.6
MOUNT ST,6.6,BARTON,CARRINGTON,376250,397574,4.6,10
MUSGRAVE RD,6.6,BOLTON,KEARSLEY,370045,409863,9.1,8.7
NELSON,6.6,NELSON,PADIHAM,386020,438507,4.6,6.6
NEW MOSTON,6.6,CHADDERTON,WHITEGATE,388333,402657,7.2,10.7
NEWBIGGIN ON LUNE,11,PENRITH & SHAP,HUTTON,369770,505803,15.2,0.5
NEWBY,11,PENRITH & SHAP,HUTTON,360520,521151,7.6,0.6
NEWTON,11,HYDE,STALYBRIDGE,396385,396464,7.6,9.8
NEWTON HEATH,6.6,CHADDERTON,WHITEGATE,388030,400511,4.6,0
NEWTON LE WILLOWS,11,GOLBORNE,BOLD,357891,395944,12,8.9
NEWTONGATE T11 & T12,11,PENRITH & SHAP,HUTTON,349973,530340,12,6
NEWTONGATE T13,11,PENRITH & SHAP,HUTTON,349973,530340,12,6.7
NORBRECK,6.6,BISPHAM,PENWORTHAM ,331831,441463,4.6,17.4
NORBURY,11,HAZEL GROVE,BREDBURY,392447,385492,7.6,11.8
NORTHENDEN,6.6,WEST DIDSBURY,SOUTH MANCHESTER,382555,390327,4.6,7.5
NWGB PARTINGTON,6.6,CARRINGTON BSP,CARRINGTON,372569,392079,4.6,4.8
OFFERTON,6.6,VERNON PARK,BREDBURY,391010,389489,4.6,8.6
OPENSHAW,6.6,DROYLSDEN,STALYBRIDGE,388606,397346,7.2,3.1
ORMSKIRK,11,SKELMERSDALE,WASHWAY FARM,341294,408158,15.2,8.7
PADIHAM,11,PADIHAM,PADIHAM,378428,433238,7.6,17.2
PEEL ST,11,PADIHAM,PADIHAM,374463,441514,12,0.6
PENDLETON,6.6,FREDERICK RD,KEARSLEY,381161,398842,4.6,0
PETTERIL BANK,11,CARLISLE,HARKER,341768,553686,7.6,8.2
PHILLIPS LANE,6.6,NELSON,PADIHAM,387571,439522,9.1,2.2
PICCADILLY,6.6,BLOOM ST,SOUTH MANCHESTER,384427,398261,4.6,11.7
PIMBO,11,SKELMERSDALE,WASHWAY FARM,349148,404549,7.6,9.9
PIRELLI,11,CARLISLE,HARKER,339059,553548,7.6,7.8
PORTWOOD,6.6,VERNON PARK,BREDBURY,389826,390619,4.6,3
POULTON,6.6,BISPHAM,PENWORTHAM ,335679,439130,9.1,9.3
POYNTON,11,HAZEL GROVE,BREDBURY,392096,383493,12,8
PREESALL,11,THORNTON,STANAH,336965,446547,15.2,11.8
PRESTON EAST,6.6,PRESTON EAST,PENWORTHAM ,356777,432926,7.2,2.1
PRESTON OLD RD,6.6,BLACKPOOL,PENWORTHAM ,332562,434929,9.1,12.5
PRESTWICH,6.6,AGECROFT,KEARSLEY,381392,404001,4.6,5.2
PRINGLE ST,6.6,BLACKBURN,PENWORTHAM ,369088,427387,4.6,9.7
PRINNY HILL,6.6,ROSSENDALE,PADIHAM,378328,423395,7.2,9.3
QUEENS PARK,6.6,STUART ST,STALYBRIDGE,385893,400645,4.6,9.9
RADCLIFFE,11,-,KEARSLEY,377524,406160,7.6,11.2
RANDAL ST,6.6,BLACKBURN,PENWORTHAM ,368092,428515,7.2,5.8
RAWTENSTALL RD,6.6,ROSSENDALE,PADIHAM,379395,422143,7.2,10.6
REDDISH VALE,6.6,VERNON PARK,BREDBURY,390147,393309,9.1,6.5
RIBBLESDALE T13 & RIBBLESDALE T14,11,PADIHAM,PADIHAM,374759,443587,15.2,1.8
RIBBLETON,6.6,PRESTON EAST,PENWORTHAM ,356730,431506,7.2,2.1
RINGLEY,11,KEARSLEY LOCAL,KEARSLEY,376120,405531,12,14.8
RISLEY,11,-,BOLD,365181,392989,7.6,0
ROBERT HALL ST,6.6,FREDERICK RD,KEARSLEY,381359,397718,4.6,0
ROCHDALE CENTRAL,6.6,ROCHDALE CENTRAL,ROCHDALE,389111,413393,7.2,17.5
ROMAN RD,6.6,LOWER DARWEN,ROCHDALE,369058,426505,7.2,2.1
ROMILEY,11,VERNON PARK,BREDBURY,393626,390716,7.6,2.7
ROSSALL,6.6,THORNTON,STANAH,331916,445505,4.6,0
ROYTON,6.6,ROYTON,WHITEGATE,392426,407533,9.1,11.4
SALE,6.6,SALE,CARRINGTON,378952,392177,7.2,11
SALE MOOR,6.6,SALE,CARRINGTON,379671,391133,4.6,1.5
SALFORD QUAYS,6.6,FREDERICK RD,KEARSLEY,380334,397555,9.1,0
SANDGATE,11,BARROW & SANDGATE,HARKER,321492,468870,12,10.3
SCARISBRICK,11,SKELMERSDALE,WASHWAY FARM,338069,412086,7.6,2.2
SEBERGHAM,11,CARLISLE,HARKER,335344,542653,12,0.2
SEDBERGH,11,KENDAL (PARKSIDE RD),HUTTON,365151,491747,7.6,3
SELSMIRE,11,PENRITH & SHAP,HUTTON,361018,507505,12,1.2
SETTLE,11,PADIHAM,PADIHAM,381588,463721,12,0.4
SEVEN STARS,11,LEYLAND,PENWORTHAM ,352653,421636,15.2,1.1
SHANNON ST SOUTH,6.6,BLACKPOOL,PENWORTHAM ,330806,435291,7.2,4.4
SHAP,11,PENRITH & SHAP,HUTTON,356910,513357,7.6,4.4
SHAW,6.6,ROYTON,WHITEGATE,394298,409450,9.1,9.8
Siddick,11,STAINBURN & SIDDICK,HARKER,300289,530805,12,17.3
SILLOTH,11,CARLISLE,HARKER,311307,553464,7.6,19.2
SKELMERSDALE,11,SKELMERSDALE,WASHWAY FARM,347198,407434,12,5.9
SKELTON C,11,PENRITH & SHAP,HUTTON,342672,538337,12,6
SLIPWAY,11,EGREMONT,HARKER,297180,518183,7.6,6
SNIPE,6.6,DROYLSDEN,STALYBRIDGE,391844,398322,9.1,9.4
S.E. MACCLESFIELD,11,MACCLESFIELD,MACCLESFIELD,392001,372504,12,7
SOUTH PARK,11,LYTHAM,PENWORTHAM ,336410,427512,7.6,0
S.W. MACCLESFIELD,11,MACCLESFIELD,MACCLESFIELD,390968,373004,7.6,4.5
SPA RD,6.6,BOLTON,KEARSLEY,371065,409109,4.6,7.1
SPADEADAM 132/11KV,11,-,HARKER,361282,570359,23.8,25.7
SPOTLAND,6.6,ROCHDALE CENTRAL,ROCHDALE,387882,414309,7.2,7
SPRING COTTAGE,6.6,NELSON,PADIHAM,385446,437481,4.6,5.8
SPRING GARDEN ST 11kV,11,LANCASTER,HEYSHAM,347661,461494,15.2,15.7
SPRING GARDEN ST 6.6KV,6.6,LANCASTER,HEYSHAM,347651,461484,9.1,12.7
SQUIRES GATE,6.6,BLACKPOOL,PENWORTHAM ,332037,432063,4.6,6.6
ST ANNES,6.6,LYTHAM,PENWORTHAM ,331716,429849,7.2,0
ST MARYS,6.6,GREENHILL,WHITEGATE,392582,405316,7.2,15.1
ST MARYS ST,6.6,RIBBLE,PENWORTHAM ,354932,429640,4.6,7.2
ST THOMAS RD,6.6,LYTHAM,PENWORTHAM ,332713,428643,4.6,0
STAINBURN,11,STAINBURN & SIDDICK,HARKER,302535,529330,12,8.3
STANDISH,11,WRIGHTINGTON,PENWORTHAM ,356139,410059,12,5.7
STRANGEWAYS,6.6,FREDERICK RD,KEARSLEY,383780,399743,4.6,0
STRAWBERRY BANK,6.6,HUNCOAT,PADIHAM,376338,429396,7.2,6.1
STUART ST,6.6,STUART ST,STALYBRIDGE,387190,398835,6.9,8.6
STUBBINS,11,ROSSENDALE,PADIHAM,379112,418005,7.6,10.7
SWINTON,11,AGECROFT,KEARSLEY,378367,401718,15.2,13.7
TAME VALLEY,6.6,HARTSHEAD-HEYROD,STALYBRIDGE,395148,398108,7.2,8.8
TARDY GATE,11,RIBBLE,PENWORTHAM ,353958,426066,7.6,7.6
TARLETON,11,WRIGHTINGTON,PENWORTHAM ,344741,422417,7.6,4.8
THE HEIGHT,6.6,AGECROFT,KEARSLEY,379792,400497,4.6,5.1
THORNTON,11,BISPHAM,PENWORTHAM ,334207,442111,12,9.8
TOWNLEY ST,11,CHADDERTON,WHITEGATE,387242,405960,7.6,3.9
TRAFFORD,6.6,STRETFORD,SOUTH MANCHESTER,380714,396551,7.2,7.4
TRAFFORD PARK NORTH,6.6,BARTON,CARRINGTON,378738,397694,7.2,6.2
TRIMPELL,11,-,HEYSHAM,341861,458979,12,19.7
TRINITY,6.6,FREDERICK RD,KEARSLEY,382649,398230,7.2,0
TULKETH,6.6,RIBBLE,PENWORTHAM ,352393,431036,4.6,6.8
ULVERSTON,11,ULVERSTON,HARKER,327495,477808,12,5.1
UNION RD,6.6,BOLTON,KEARSLEY,372174,410598,7.2,6.2
UPHOLLAND,11,ORRELL,KIRKBY,352531,404369,12,3.7
URMSTON,6.6,STRETFORD,SOUTH MANCHESTER,377117,395709,4.6,10.5
VICTORIA PARK,6.6,LONGSIGHT,BREDBURY,385373,395948,7.2,4
WARBRECK,6.6,BISPHAM,PENWORTHAM ,331775,438420,7.2,7.4
WARDLEWORTH,6.6,BELFIELD,ROCHDALE,390339,414050,7.2,7
WARTON,6.6,PEEL,PENWORTHAM ,341290,428540,14.3,2.2
WATERHEAD,6.6,GREENHILL,WHITEGATE,394942,405940,4.6,14.7
WATERSWALLOWS,11,BUXTON,STALYBRIDGE,407734,375459,12,11.5
WEASTE,6.6,FREDERICK RD,KEARSLEY,378751,398897,9.1,0
WERNETH,6.6,GREENHILL,WHITEGATE,391273,403453,7.2,13.8
WESLEY PLACE BACUP,6.6,ROSSENDALE,PADIHAM,386475,422130,4.6,7.7
WEST DIDSBURY,6.6,WEST DIDSBURY,SOUTH MANCHESTER,383306,392514,7.2,3.8
WESTGATE,6.6,LANCASTER,HEYSHAM,343077,463204,7.2,3.6
WESTHOUGHTON,11,WESTHOUGHTON,KEARSLEY,365831,407025,7.6,3.1
WESTLINTON,11,CARLISLE,HARKER,339551,564489,12,8.9
WHALLEY,11,PADIHAM,PADIHAM,373376,436176,12,9
WHALLEY RANGE,6.6,WEST DIDSBURY,SOUTH MANCHESTER,382923,394645,7.2,1.9
WHASSET,11,KENDAL (PARKSIDE RD),HUTTON,350648,481468,12,2.8
WHITTLE LE WOODS,11,LEYLAND,PENWORTHAM ,357874,421203,12,6
WHITWORTH,6.6,ROCHDALE CENTRAL,ROCHDALE,388779,419157,7.2,4.7
WIGTON,11,CARLISLE,HARKER,325814,549933,7.6,0
WILLOW HEY,11,SKELMERSDALE,WASHWAY FARM,347779,406066,7.6,8.8
WILLOWBANK,6.6,GREENHILL,WHITEGATE,391885,406064,7.2,2.5
WILLOWHOLME,11,CARLISLE,HARKER,338653,556688,12,8.8
WILMSLOW,11,MOSS NOOK,SOUTH MANCHESTER,384710,381286,12,5.1
WINDERMERE,11,KENDAL (PARKSIDE RD),HUTTON,341657,498418,12,9.6
WINIFRED RD,6.6,ADSWOOD,BREDBURY,389971,388470,7.2,5.6
WITHINGTON,6.6,WEST DIDSBURY,SOUTH MANCHESTER,384841,392774,7.2,3.1
WITHYFOLD DRIVE,11,MACCLESFIELD,MACCLESFIELD,392132,374352,7.6,7
WOODBINE ST,6.6,CASTLETON,ROCHDALE,390519,412388,9.1,5.9
WOODFIELD RD,11,WRIGHTINGTON,PENWORTHAM ,358258,418014,7.6,5.2
WOODHILL LANE,6.6,LANCASTER,HEYSHAM,343294,463785,4.6,1.8
WOODHOUSE PARK,11,MOSS NOOK,SOUTH MANCHESTER,382132,386340,12,2.3
WOODLEY,11,VERNON PARK,BREDBURY,393116,392019,7.6,10.9
WOOLFOLD,11,BURY,KEARSLEY,378874,411666,12,10.6
WORDSWORTH ST,6.6,BOLTON,KEARSLEY,370709,410873,4.6,8.9
WORSLEY MESNES,6.6,WIGAN,KIRKBY,357435,403977,7.2,5.9
WRIGHTINGTON,11,WRIGHTINGTON,PENWORTHAM ,353466,413290,7.6,7.9
YEALAND,11,KENDAL (PARKSIDE RD),HUTTON,351537,475934,12,0.9
